{"cameraMode":{"drawMode":0,"name":"Shaded","section":"Shading Mode"},"sceneLighting":true,"audioPlay":false,"sceneViewState":{"m_AlwaysRefresh":false,"showFog":true,"showSkybox":true,"showFlares":true,"showImageEffects":true,"showParticleSystems":true,"showVisualEffectGraphs":true,"m_FxEnabled":true},"in2DMode":false,"pivot":{"x":870.8331298828125,"y":632.4598999023438,"z":14.56976318359375},"rotation":{"x":0.16904465854167939,"y":0.10327734053134918,"z":-0.017814328894019128,"w":0.9800226092338562},"size":283.1286926269531,"orthographic":false}